{
  "project_info": {
    "project_number": "671254787062",
    "firebase_url": "https://tablebook-a3b10.firebaseio.com",
    "project_id": "tablebook-a3b10",
    "storage_bucket": "tablebook-a3b10.appspot.com"
  },
  "client": [
    {
      "client_info": {
        "mobilesdk_app_id": "1:671254787062:android:942fab5778395447d34dd7",
        "android_client_info": {
          "package_name": "com.namit.kumar.restrauntbooking"
        }
      },
      "oauth_client": [
        {
          "client_id": "671254787062-jso7q7lmg03jng0qr5slnoarhtsrltin.apps.googleusercontent.com",
          "client_type": 3
        }
      ],
      "api_key": [
        {
          "current_key": "AIzaSyCyqQMWdzGo9sC5LFo0H4jl2P-rr2HJm-s"
        }
      ],
      "services": {
        "appinvite_service": {
          "other_platform_oauth_client": [
            {
              "client_id": "671254787062-jso7q7lmg03jng0qr5slnoarhtsrltin.apps.googleusercontent.com",
              "client_type": 3
            }
          ]
        }
      }
    }
  ],
  "configuration_version": "1"
}