{
  "project_info": {
    "project_number": "524308711124",
    "firebase_url": "https://restaurantbook-71f3b.firebaseio.com",
    "project_id": "restaurantbook-71f3b",
    "storage_bucket": "restaurantbook-71f3b.appspot.com"
  },
  "client": [
    {
      "client_info": {
        "mobilesdk_app_id": "1:524308711124:android:d9c458f6547b46df9c5d41",
        "android_client_info": {
          "package_name": "com.shaswat.kumar.restrauntbooking"
        }
      },
      "oauth_client": [
        {
          "client_id": "524308711124-g4uel9cvhegg5fmmv7umlko9hn989ecb.apps.googleusercontent.com",
          "client_type": 1,
          "android_info": {
            "package_name": "com.shaswat.kumar.restrauntbooking",
            "certificate_hash": "8231b9820939b5e7cded5a82a9ba4ff093d4ec6e"
          }
        },
        {
          "client_id": "524308711124-8epqvs9pofqg77ki772aikcbvretr67v.apps.googleusercontent.com",
          "client_type": 3
        }
      ],
      "api_key": [
        {
          "current_key": "AIzaSyBOwfegJ46DvC6ibKWh5wtfKl40to-2qYY"
        }
      ],
      "services": {
        "appinvite_service": {
          "other_platform_oauth_client": [
            {
              "client_id": "524308711124-8epqvs9pofqg77ki772aikcbvretr67v.apps.googleusercontent.com",
              "client_type": 3
            }
          ]
        }
      }
    }
  ],
  "configuration_version": "1"
}